/home/yschoi/gdna_textdiag/result/261006+mscoco_setting1_td1_coco_B0_s42+bs+64+e+60+proj_lr+0.001	/home/yschoi/GroundedDNA/result/261006+mscoco_setting1_td1_coco_B0_s42+bs+64+e+60+proj_lr+0.001
/home/yschoi/gdna_textdiag/result/261006+mscoco_setting1_td1_coco_B0_s43+bs+64+e+60+proj_lr+0.001	/home/yschoi/GroundedDNA/result/261006+mscoco_setting1_td1_coco_B0_s43+bs+64+e+60+proj_lr+0.001
/home/yschoi/gdna_textdiag/result/261006+mscoco_setting1_td1_coco_B0_s44+bs+64+e+60+proj_lr+0.001	/home/yschoi/GroundedDNA/result/261006+mscoco_setting1_td1_coco_B0_s44+bs+64+e+60+proj_lr+0.001
/home/yschoi/gdna_textdiag/result/261006+mscoco_setting1_td1_coco_OFF_s42+bs+64+e+60+proj_lr+0.001	/home/yschoi/GroundedDNA/result/261006+mscoco_setting1_td1_coco_OFF_s42+bs+64+e+60+proj_lr+0.001
/home/yschoi/gdna_textdiag/result/261006+mscoco_setting1_td1_coco_OFF_s43+bs+64+e+60+proj_lr+0.001	/home/yschoi/GroundedDNA/result/261006+mscoco_setting1_td1_coco_OFF_s43+bs+64+e+60+proj_lr+0.001
/home/yschoi/gdna_textdiag/result/261006+mscoco_setting1_td1_coco_OFF_s44+bs+64+e+60+proj_lr+0.001	/home/yschoi/GroundedDNA/result/261006+mscoco_setting1_td1_coco_OFF_s44+bs+64+e+60+proj_lr+0.001
/home/yschoi/gdna_textdiag/result/261006+flickr25k_setting1_td1_flickr_B0_s42+bs+64+e+60+proj_lr+0.001	/home/yschoi/GroundedDNA/result/261006+flickr25k_setting1_td1_flickr_B0_s42+bs+64+e+60+proj_lr+0.001
/home/yschoi/gdna_textdiag/result/261006+flickr25k_setting1_td1_flickr_B0_s43+bs+64+e+60+proj_lr+0.001	/home/yschoi/GroundedDNA/result/261006+flickr25k_setting1_td1_flickr_B0_s43+bs+64+e+60+proj_lr+0.001
/home/yschoi/gdna_textdiag/result/261006+flickr25k_setting1_td1_flickr_B0_s44+bs+64+e+60+proj_lr+0.001	/home/yschoi/GroundedDNA/result/261006+flickr25k_setting1_td1_flickr_B0_s44+bs+64+e+60+proj_lr+0.001
/home/yschoi/gdna_textdiag/result/261006+flickr25k_setting1_td1_flickr_H1_s42+bs+64+e+60+proj_lr+0.001	/home/yschoi/GroundedDNA/result/261006+flickr25k_setting1_td1_flickr_H1_s42+bs+64+e+60+proj_lr+0.001
/home/yschoi/gdna_textdiag/result/261006+flickr25k_setting1_td1_flickr_H2_s42+bs+64+e+60+proj_lr+0.001	/home/yschoi/GroundedDNA/result/261006+flickr25k_setting1_td1_flickr_H2_s42+bs+64+e+60+proj_lr+0.001
/home/yschoi/gdna_textdiag/result/261006+flickr25k_setting1_td1_flickr_H2_s43+bs+64+e+60+proj_lr+0.001	/home/yschoi/GroundedDNA/result/261006+flickr25k_setting1_td1_flickr_H2_s43+bs+64+e+60+proj_lr+0.001
/home/yschoi/gdna_textdiag/result/261006+flickr25k_setting1_td1_flickr_H2_s44+bs+64+e+60+proj_lr+0.001	/home/yschoi/GroundedDNA/result/261006+flickr25k_setting1_td1_flickr_H2_s44+bs+64+e+60+proj_lr+0.001
/home/yschoi/gdna_textdiag/result/261006+flickr25k_setting1_td1_flickr_OFF_s42+bs+64+e+60+proj_lr+0.001	/home/yschoi/GroundedDNA/result/261006+flickr25k_setting1_td1_flickr_OFF_s42+bs+64+e+60+proj_lr+0.001
/home/yschoi/gdna_textdiag/result/261006+flickr25k_setting1_td1_flickr_OFF_s43+bs+64+e+60+proj_lr+0.001	/home/yschoi/GroundedDNA/result/261006+flickr25k_setting1_td1_flickr_OFF_s43+bs+64+e+60+proj_lr+0.001
/home/yschoi/gdna_textdiag/result/261006+flickr25k_setting1_td1_flickr_OFF_s44+bs+64+e+60+proj_lr+0.001	/home/yschoi/GroundedDNA/result/261006+flickr25k_setting1_td1_flickr_OFF_s44+bs+64+e+60+proj_lr+0.001
/home/yschoi/gdna_textdiag/result/261006+nuswide_setting1_td1_nus_B0_s42+bs+64+e+60+proj_lr+0.001	/home/yschoi/GroundedDNA/result/261006+nuswide_setting1_td1_nus_B0_s42+bs+64+e+60+proj_lr+0.001
/home/yschoi/gdna_textdiag/result/261006+nuswide_setting1_td1_nus_B0_s43+bs+64+e+60+proj_lr+0.001	/home/yschoi/GroundedDNA/result/261006+nuswide_setting1_td1_nus_B0_s43+bs+64+e+60+proj_lr+0.001
/home/yschoi/gdna_textdiag/result/261006+nuswide_setting1_td1_nus_B0_s44+bs+64+e+60+proj_lr+0.001	/home/yschoi/GroundedDNA/result/261006+nuswide_setting1_td1_nus_B0_s44+bs+64+e+60+proj_lr+0.001
/home/yschoi/gdna_textdiag/result/261006+nuswide_setting1_td1_nus_OFF_s42+bs+64+e+60+proj_lr+0.001	/home/yschoi/GroundedDNA/result/261006+nuswide_setting1_td1_nus_OFF_s42+bs+64+e+60+proj_lr+0.001
/home/yschoi/gdna_textdiag/result/261006+nuswide_setting1_td1_nus_OFF_s43+bs+64+e+60+proj_lr+0.001	/home/yschoi/GroundedDNA/result/261006+nuswide_setting1_td1_nus_OFF_s43+bs+64+e+60+proj_lr+0.001
/home/yschoi/gdna_textdiag/result/261006+nuswide_setting1_td1_nus_OFF_s44+bs+64+e+60+proj_lr+0.001	/home/yschoi/GroundedDNA/result/261006+nuswide_setting1_td1_nus_OFF_s44+bs+64+e+60+proj_lr+0.001
/home/yschoi/gdna_textdiag/result/261007+flickr25k_setting1_td3_BN2_s42+bs+64+e+60+proj_lr+0.001	/home/yschoi/GroundedDNA/result/261007+flickr25k_setting1_td3_BN2_s42+bs+64+e+60+proj_lr+0.001
/home/yschoi/gdna_textdiag/result/261007+flickr25k_setting1_td3_BN2_s43+bs+64+e+60+proj_lr+0.001	/home/yschoi/GroundedDNA/result/261007+flickr25k_setting1_td3_BN2_s43+bs+64+e+60+proj_lr+0.001
/home/yschoi/gdna_textdiag/result/261007+flickr25k_setting1_td3_BN2_s44+bs+64+e+60+proj_lr+0.001	/home/yschoi/GroundedDNA/result/261007+flickr25k_setting1_td3_BN2_s44+bs+64+e+60+proj_lr+0.001
/home/yschoi/gdna_textdiag/result/261007+flickr25k_setting1_td3_SN2_s42+bs+64+e+60+proj_lr+0.001	/home/yschoi/GroundedDNA/result/261007+flickr25k_setting1_td3_SN2_s42+bs+64+e+60+proj_lr+0.001
/home/yschoi/gdna_textdiag/result/261007+flickr25k_setting1_td3_SN2_s43+bs+64+e+60+proj_lr+0.001	/home/yschoi/GroundedDNA/result/261007+flickr25k_setting1_td3_SN2_s43+bs+64+e+60+proj_lr+0.001
/home/yschoi/gdna_textdiag/result/261007+flickr25k_setting1_td3_SN2_s44+bs+64+e+60+proj_lr+0.001	/home/yschoi/GroundedDNA/result/261007+flickr25k_setting1_td3_SN2_s44+bs+64+e+60+proj_lr+0.001
/home/yschoi/gdna_textdiag/result/261007+flickr25k_setting1_td3_S_s42+bs+64+e+60+proj_lr+0.001	/home/yschoi/GroundedDNA/result/261007+flickr25k_setting1_td3_S_s42+bs+64+e+60+proj_lr+0.001
/home/yschoi/gdna_textdiag/result/261007+flickr25k_setting1_td3_S_s43+bs+64+e+60+proj_lr+0.001	/home/yschoi/GroundedDNA/result/261007+flickr25k_setting1_td3_S_s43+bs+64+e+60+proj_lr+0.001
/home/yschoi/gdna_textdiag/result/261007+flickr25k_setting1_td3_S_s44+bs+64+e+60+proj_lr+0.001	/home/yschoi/GroundedDNA/result/261007+flickr25k_setting1_td3_S_s44+bs+64+e+60+proj_lr+0.001
/home/yschoi/gdna_textdiag/result/261007+flickr25k_setting1_td3_TDXM5_s42+bs+64+e+60+proj_lr+0.001	/home/yschoi/GroundedDNA/result/261007+flickr25k_setting1_td3_TDXM5_s42+bs+64+e+60+proj_lr+0.001
/home/yschoi/gdna_textdiag/result/261007+flickr25k_setting1_td3_TDXM5_s43+bs+64+e+60+proj_lr+0.001	/home/yschoi/GroundedDNA/result/261007+flickr25k_setting1_td3_TDXM5_s43+bs+64+e+60+proj_lr+0.001
/home/yschoi/gdna_textdiag/result/261007+flickr25k_setting1_td3_TDXM5_s44+bs+64+e+60+proj_lr+0.001	/home/yschoi/GroundedDNA/result/261007+flickr25k_setting1_td3_TDXM5_s44+bs+64+e+60+proj_lr+0.001
/home/yschoi/gdna_textdiag/result/261007+flickr25k_setting1_td3_TDXM_s42+bs+64+e+60+proj_lr+0.001	/home/yschoi/GroundedDNA/result/261007+flickr25k_setting1_td3_TDXM_s42+bs+64+e+60+proj_lr+0.001
/home/yschoi/gdna_textdiag/result/261007+flickr25k_setting1_td3_TDXM_s43+bs+64+e+60+proj_lr+0.001	/home/yschoi/GroundedDNA/result/261007+flickr25k_setting1_td3_TDXM_s43+bs+64+e+60+proj_lr+0.001
/home/yschoi/gdna_textdiag/result/261007+flickr25k_setting1_td3_TDXM_s44+bs+64+e+60+proj_lr+0.001	/home/yschoi/GroundedDNA/result/261007+flickr25k_setting1_td3_TDXM_s44+bs+64+e+60+proj_lr+0.001
/home/yschoi/gdna_textdiag/result/261007+flickr25k_setting1_td3_TD_s42+bs+64+e+60+proj_lr+0.001	/home/yschoi/GroundedDNA/result/261007+flickr25k_setting1_td3_TD_s42+bs+64+e+60+proj_lr+0.001
/home/yschoi/gdna_textdiag/result/261007+flickr25k_setting1_td3_TD_s43+bs+64+e+60+proj_lr+0.001	/home/yschoi/GroundedDNA/result/261007+flickr25k_setting1_td3_TD_s43+bs+64+e+60+proj_lr+0.001
/home/yschoi/gdna_textdiag/result/261007+flickr25k_setting1_td3_TD_s44+bs+64+e+60+proj_lr+0.001	/home/yschoi/GroundedDNA/result/261007+flickr25k_setting1_td3_TD_s44+bs+64+e+60+proj_lr+0.001
/home/yschoi/gdna_textdiag/result/261007+flickr25k_setting1_td3_TDv2_s42+bs+64+e+60+proj_lr+0.001	/home/yschoi/GroundedDNA/result/261007+flickr25k_setting1_td3_TDv2_s42+bs+64+e+60+proj_lr+0.001
/home/yschoi/gdna_textdiag/result/261007+flickr25k_setting1_td3_XM0_s42+bs+64+e+60+proj_lr+0.001	/home/yschoi/GroundedDNA/result/261007+flickr25k_setting1_td3_XM0_s42+bs+64+e+60+proj_lr+0.001
/home/yschoi/gdna_textdiag/result/261007+flickr25k_setting1_td3_XM0_s43+bs+64+e+60+proj_lr+0.001	/home/yschoi/GroundedDNA/result/261007+flickr25k_setting1_td3_XM0_s43+bs+64+e+60+proj_lr+0.001
/home/yschoi/gdna_textdiag/result/261007+flickr25k_setting1_td3_XM0_s44+bs+64+e+60+proj_lr+0.001	/home/yschoi/GroundedDNA/result/261007+flickr25k_setting1_td3_XM0_s44+bs+64+e+60+proj_lr+0.001
/home/yschoi/gdna_textdiag/result/261007+mscoco_setting1_td3_coco_H2_s42+bs+64+e+60+proj_lr+0.001	/home/yschoi/GroundedDNA/result/261007+mscoco_setting1_td3_coco_H2_s42+bs+64+e+60+proj_lr+0.001
/home/yschoi/gdna_textdiag/result/261007+mscoco_setting1_td3_coco_H2_s43+bs+64+e+60+proj_lr+0.001	/home/yschoi/GroundedDNA/result/261007+mscoco_setting1_td3_coco_H2_s43+bs+64+e+60+proj_lr+0.001
/home/yschoi/gdna_textdiag/result/261007+mscoco_setting1_td3_coco_H2_s44+bs+64+e+60+proj_lr+0.001	/home/yschoi/GroundedDNA/result/261007+mscoco_setting1_td3_coco_H2_s44+bs+64+e+60+proj_lr+0.001
/home/yschoi/gdna_textdiag/result/261007+flickr25k_setting1_td3_gate2_H2_s42+bs+64+e+60+proj_lr+0.001	/home/yschoi/GroundedDNA/result/261007+flickr25k_setting1_td3_gate2_H2_s42+bs+64+e+60+proj_lr+0.001
/home/yschoi/gdna_textdiag/result/261007+flickr25k_setting1_td3_gate_H2_s42+bs+64+e+60+proj_lr+0.001	/home/yschoi/GroundedDNA/result/261007+flickr25k_setting1_td3_gate_H2_s42+bs+64+e+60+proj_lr+0.001
/home/yschoi/gdna_textdiag/result/261007+nuswide_setting1_td3_nus_H2_s42+bs+64+e+60+proj_lr+0.001	/home/yschoi/GroundedDNA/result/261007+nuswide_setting1_td3_nus_H2_s42+bs+64+e+60+proj_lr+0.001
/home/yschoi/gdna_textdiag/result/261007+nuswide_setting1_td3_nus_H2_s43+bs+64+e+60+proj_lr+0.001	/home/yschoi/GroundedDNA/result/261007+nuswide_setting1_td3_nus_H2_s43+bs+64+e+60+proj_lr+0.001
/home/yschoi/gdna_textdiag/result/261007+nuswide_setting1_td3_nus_H2_s44+bs+64+e+60+proj_lr+0.001	/home/yschoi/GroundedDNA/result/261007+nuswide_setting1_td3_nus_H2_s44+bs+64+e+60+proj_lr+0.001
/home/yschoi/gdna_textdiag/result/261008+flickr25k_setting1_td3_MIX_s42+bs+64+e+60+proj_lr+0.001	/home/yschoi/GroundedDNA/result/261008+flickr25k_setting1_td3_MIX_s42+bs+64+e+60+proj_lr+0.001
/home/yschoi/gdna_textdiag/result/261008+flickr25k_setting1_td3_MIX_s43+bs+64+e+60+proj_lr+0.001	/home/yschoi/GroundedDNA/result/261008+flickr25k_setting1_td3_MIX_s43+bs+64+e+60+proj_lr+0.001
/home/yschoi/gdna_textdiag/result/261008+flickr25k_setting1_td3_MIX_s44+bs+64+e+60+proj_lr+0.001	/home/yschoi/GroundedDNA/result/261008+flickr25k_setting1_td3_MIX_s44+bs+64+e+60+proj_lr+0.001
/home/yschoi/gdna_textdiag/result/261008+flickr25k_setting1_td3_PheadNoSS_s42+bs+64+e+60+proj_lr+0.001	/home/yschoi/GroundedDNA/result/261008+flickr25k_setting1_td3_PheadNoSS_s42+bs+64+e+60+proj_lr+0.001
/home/yschoi/gdna_textdiag/result/261008+flickr25k_setting1_td3_PheadNoSS_s43+bs+64+e+60+proj_lr+0.001	/home/yschoi/GroundedDNA/result/261008+flickr25k_setting1_td3_PheadNoSS_s43+bs+64+e+60+proj_lr+0.001
/home/yschoi/gdna_textdiag/result/261008+flickr25k_setting1_td3_PheadNoSS_s44+bs+64+e+60+proj_lr+0.001	/home/yschoi/GroundedDNA/result/261008+flickr25k_setting1_td3_PheadNoSS_s44+bs+64+e+60+proj_lr+0.001
/home/yschoi/gdna_textdiag/result/261008+flickr25k_setting1_td3_Phead_s42+bs+64+e+60+proj_lr+0.001	/home/yschoi/GroundedDNA/result/261008+flickr25k_setting1_td3_Phead_s42+bs+64+e+60+proj_lr+0.001
/home/yschoi/gdna_textdiag/result/261008+flickr25k_setting1_td3_Phead_s43+bs+64+e+60+proj_lr+0.001	/home/yschoi/GroundedDNA/result/261008+flickr25k_setting1_td3_Phead_s43+bs+64+e+60+proj_lr+0.001
/home/yschoi/gdna_textdiag/result/261008+flickr25k_setting1_td3_Phead_s44+bs+64+e+60+proj_lr+0.001	/home/yschoi/GroundedDNA/result/261008+flickr25k_setting1_td3_Phead_s44+bs+64+e+60+proj_lr+0.001
/home/yschoi/gdna_textdiag/result/261008+flickr25k_setting1_td3_PmemSS_s42+bs+64+e+60+proj_lr+0.001	/home/yschoi/GroundedDNA/result/261008+flickr25k_setting1_td3_PmemSS_s42+bs+64+e+60+proj_lr+0.001
/home/yschoi/gdna_textdiag/result/261008+flickr25k_setting1_td3_PmemSS_s43+bs+64+e+60+proj_lr+0.001	/home/yschoi/GroundedDNA/result/261008+flickr25k_setting1_td3_PmemSS_s43+bs+64+e+60+proj_lr+0.001
/home/yschoi/gdna_textdiag/result/261008+flickr25k_setting1_td3_PmemSS_s44+bs+64+e+60+proj_lr+0.001	/home/yschoi/GroundedDNA/result/261008+flickr25k_setting1_td3_PmemSS_s44+bs+64+e+60+proj_lr+0.001
/home/yschoi/gdna_textdiag/result/261008+flickr25k_setting1_td3_PmemSS_smoke_s42+bs+64+e+60+proj_lr+0.001	/home/yschoi/GroundedDNA/result/261008+flickr25k_setting1_td3_PmemSS_smoke_s42+bs+64+e+60+proj_lr+0.001
/home/yschoi/gdna_textdiag/result/261008+flickr25k_setting1_td3_G0_s42+bs+64+e+60+proj_lr+0.001	/home/yschoi/GroundedDNA/result/261008+flickr25k_setting1_td3_G0_s42+bs+64+e+60+proj_lr+0.001
/home/yschoi/gdna_textdiag/result/261008+flickr25k_setting1_td3_G0_s43+bs+64+e+60+proj_lr+0.001	/home/yschoi/GroundedDNA/result/261008+flickr25k_setting1_td3_G0_s43+bs+64+e+60+proj_lr+0.001
/home/yschoi/gdna_textdiag/result/261008+flickr25k_setting1_td3_G0_s44+bs+64+e+60+proj_lr+0.001	/home/yschoi/GroundedDNA/result/261008+flickr25k_setting1_td3_G0_s44+bs+64+e+60+proj_lr+0.001
/home/yschoi/gdna_textdiag/result/261008+flickr25k_setting1_td3_G0p_s42+bs+64+e+60+proj_lr+0.001	/home/yschoi/GroundedDNA/result/261008+flickr25k_setting1_td3_G0p_s42+bs+64+e+60+proj_lr+0.001
/home/yschoi/gdna_textdiag/result/261008+flickr25k_setting1_td3_G0p_s43+bs+64+e+60+proj_lr+0.001	/home/yschoi/GroundedDNA/result/261008+flickr25k_setting1_td3_G0p_s43+bs+64+e+60+proj_lr+0.001
/home/yschoi/gdna_textdiag/result/261008+flickr25k_setting1_td3_G0p_s44+bs+64+e+60+proj_lr+0.001	/home/yschoi/GroundedDNA/result/261008+flickr25k_setting1_td3_G0p_s44+bs+64+e+60+proj_lr+0.001
/home/yschoi/gdna_textdiag/result/261008+flickr25k_setting1_td3_G1_s42+bs+64+e+60+proj_lr+0.001	/home/yschoi/GroundedDNA/result/261008+flickr25k_setting1_td3_G1_s42+bs+64+e+60+proj_lr+0.001
/home/yschoi/gdna_textdiag/result/261008+flickr25k_setting1_td3_G1_s43+bs+64+e+60+proj_lr+0.001	/home/yschoi/GroundedDNA/result/261008+flickr25k_setting1_td3_G1_s43+bs+64+e+60+proj_lr+0.001
/home/yschoi/gdna_textdiag/result/261008+flickr25k_setting1_td3_G1_s44+bs+64+e+60+proj_lr+0.001	/home/yschoi/GroundedDNA/result/261008+flickr25k_setting1_td3_G1_s44+bs+64+e+60+proj_lr+0.001
/home/yschoi/gdna_textdiag/result/261008+flickr25k_setting1_td3_G1p_s42+bs+64+e+60+proj_lr+0.001	/home/yschoi/GroundedDNA/result/261008+flickr25k_setting1_td3_G1p_s42+bs+64+e+60+proj_lr+0.001
/home/yschoi/gdna_textdiag/result/261008+flickr25k_setting1_td3_G1p_s43+bs+64+e+60+proj_lr+0.001	/home/yschoi/GroundedDNA/result/261008+flickr25k_setting1_td3_G1p_s43+bs+64+e+60+proj_lr+0.001
/home/yschoi/gdna_textdiag/result/261008+flickr25k_setting1_td3_G1p_s44+bs+64+e+60+proj_lr+0.001	/home/yschoi/GroundedDNA/result/261008+flickr25k_setting1_td3_G1p_s44+bs+64+e+60+proj_lr+0.001
/home/yschoi/gdna_textdiag/result/261008+flickr25k_setting1_td3_A0_s42+bs+64+e+60+proj_lr+0.001	/home/yschoi/GroundedDNA/result/261008+flickr25k_setting1_td3_A0_s42+bs+64+e+60+proj_lr+0.001
/home/yschoi/gdna_textdiag/result/261008+flickr25k_setting1_td3_A0_s43+bs+64+e+60+proj_lr+0.001	/home/yschoi/GroundedDNA/result/261008+flickr25k_setting1_td3_A0_s43+bs+64+e+60+proj_lr+0.001
/home/yschoi/gdna_textdiag/result/261008+flickr25k_setting1_td3_A0_s44+bs+64+e+60+proj_lr+0.001	/home/yschoi/GroundedDNA/result/261008+flickr25k_setting1_td3_A0_s44+bs+64+e+60+proj_lr+0.001
/home/yschoi/gdna_textdiag/result/261008+flickr25k_setting1_td3_A0p_s42+bs+64+e+60+proj_lr+0.001	/home/yschoi/GroundedDNA/result/261008+flickr25k_setting1_td3_A0p_s42+bs+64+e+60+proj_lr+0.001
/home/yschoi/gdna_textdiag/result/261008+flickr25k_setting1_td3_A0p_s43+bs+64+e+60+proj_lr+0.001	/home/yschoi/GroundedDNA/result/261008+flickr25k_setting1_td3_A0p_s43+bs+64+e+60+proj_lr+0.001
/home/yschoi/gdna_textdiag/result/261008+flickr25k_setting1_td3_A0p_s44+bs+64+e+60+proj_lr+0.001	/home/yschoi/GroundedDNA/result/261008+flickr25k_setting1_td3_A0p_s44+bs+64+e+60+proj_lr+0.001
/home/yschoi/gdna_textdiag/result/261008+flickr25k_setting1_td3_A1_s42+bs+64+e+60+proj_lr+0.001	/home/yschoi/GroundedDNA/result/261008+flickr25k_setting1_td3_A1_s42+bs+64+e+60+proj_lr+0.001
/home/yschoi/gdna_textdiag/result/261008+flickr25k_setting1_td3_A1_s43+bs+64+e+60+proj_lr+0.001	/home/yschoi/GroundedDNA/result/261008+flickr25k_setting1_td3_A1_s43+bs+64+e+60+proj_lr+0.001
/home/yschoi/gdna_textdiag/result/261008+flickr25k_setting1_td3_A1_s44+bs+64+e+60+proj_lr+0.001	/home/yschoi/GroundedDNA/result/261008+flickr25k_setting1_td3_A1_s44+bs+64+e+60+proj_lr+0.001
/home/yschoi/gdna_textdiag/result/261009+flickr25k_setting1_td3_TH0_s42+bs+64+e+60+proj_lr+0.001	/home/yschoi/GroundedDNA/result/261009+flickr25k_setting1_td3_TH0_s42+bs+64+e+60+proj_lr+0.001
/home/yschoi/gdna_textdiag/result/261008+flickr25k_setting1_td3_TH0_s43+bs+64+e+60+proj_lr+0.001	/home/yschoi/GroundedDNA/result/261008+flickr25k_setting1_td3_TH0_s43+bs+64+e+60+proj_lr+0.001
/home/yschoi/gdna_textdiag/result/261008+flickr25k_setting1_td3_TH0_s44+bs+64+e+60+proj_lr+0.001	/home/yschoi/GroundedDNA/result/261008+flickr25k_setting1_td3_TH0_s44+bs+64+e+60+proj_lr+0.001
/home/yschoi/gdna_textdiag/result/261008+flickr25k_setting1_td3_TH0p_s42+bs+64+e+60+proj_lr+0.001	/home/yschoi/GroundedDNA/result/261008+flickr25k_setting1_td3_TH0p_s42+bs+64+e+60+proj_lr+0.001
/home/yschoi/gdna_textdiag/result/261008+flickr25k_setting1_td3_TH0p_s43+bs+64+e+60+proj_lr+0.001	/home/yschoi/GroundedDNA/result/261008+flickr25k_setting1_td3_TH0p_s43+bs+64+e+60+proj_lr+0.001
/home/yschoi/gdna_textdiag/result/261008+flickr25k_setting1_td3_TH0p_s44+bs+64+e+60+proj_lr+0.001	/home/yschoi/GroundedDNA/result/261008+flickr25k_setting1_td3_TH0p_s44+bs+64+e+60+proj_lr+0.001
/home/yschoi/gdna_textdiag/result/261009+flickr25k_setting1_td3_XM0p_s42+bs+64+e+60+proj_lr+0.001	/home/yschoi/GroundedDNA/result/261009+flickr25k_setting1_td3_XM0p_s42+bs+64+e+60+proj_lr+0.001
/home/yschoi/gdna_textdiag/result/261009+flickr25k_setting1_td3_XM0p_s43+bs+64+e+60+proj_lr+0.001	/home/yschoi/GroundedDNA/result/261009+flickr25k_setting1_td3_XM0p_s43+bs+64+e+60+proj_lr+0.001
/home/yschoi/gdna_textdiag/result/261009+flickr25k_setting1_td3_XM0p_s44+bs+64+e+60+proj_lr+0.001	/home/yschoi/GroundedDNA/result/261009+flickr25k_setting1_td3_XM0p_s44+bs+64+e+60+proj_lr+0.001
/home/yschoi/gdna_textdiag/result/261008+flickr25k_setting1_td3_L19_s42+bs+64+e+60+proj_lr+0.001	/home/yschoi/GroundedDNA/result/261008+flickr25k_setting1_td3_L19_s42+bs+64+e+60+proj_lr+0.001
/home/yschoi/gdna_textdiag/result/261008+flickr25k_setting1_td3_L19_s43+bs+64+e+60+proj_lr+0.001	/home/yschoi/GroundedDNA/result/261008+flickr25k_setting1_td3_L19_s43+bs+64+e+60+proj_lr+0.001
/home/yschoi/gdna_textdiag/result/261008+flickr25k_setting1_td3_L19_s44+bs+64+e+60+proj_lr+0.001	/home/yschoi/GroundedDNA/result/261008+flickr25k_setting1_td3_L19_s44+bs+64+e+60+proj_lr+0.001
/home/yschoi/gdna_textdiag/result/261009+flickr25k_setting1_td3_L19p_s42+bs+64+e+60+proj_lr+0.001	/home/yschoi/GroundedDNA/result/261009+flickr25k_setting1_td3_L19p_s42+bs+64+e+60+proj_lr+0.001
/home/yschoi/gdna_textdiag/result/261009+flickr25k_setting1_td3_L19p_s43+bs+64+e+60+proj_lr+0.001	/home/yschoi/GroundedDNA/result/261009+flickr25k_setting1_td3_L19p_s43+bs+64+e+60+proj_lr+0.001
/home/yschoi/gdna_textdiag/result/261009+flickr25k_setting1_td3_L19p_s44+bs+64+e+60+proj_lr+0.001	/home/yschoi/GroundedDNA/result/261009+flickr25k_setting1_td3_L19p_s44+bs+64+e+60+proj_lr+0.001
/home/yschoi/gdna_textdiag/result/261009+flickr25k_setting1_td3_L9_s42+bs+64+e+60+proj_lr+0.001	/home/yschoi/GroundedDNA/result/261009+flickr25k_setting1_td3_L9_s42+bs+64+e+60+proj_lr+0.001
/home/yschoi/gdna_textdiag/result/261009+flickr25k_setting1_td3_L9_s43+bs+64+e+60+proj_lr+0.001	/home/yschoi/GroundedDNA/result/261009+flickr25k_setting1_td3_L9_s43+bs+64+e+60+proj_lr+0.001
/home/yschoi/gdna_textdiag/result/261009+flickr25k_setting1_td3_L9_s44+bs+64+e+60+proj_lr+0.001	/home/yschoi/GroundedDNA/result/261009+flickr25k_setting1_td3_L9_s44+bs+64+e+60+proj_lr+0.001
/home/yschoi/gdna_textdiag/result/261009+flickr25k_setting1_td3_PmemSSp1_s42+bs+64+e+60+proj_lr+0.001	/home/yschoi/GroundedDNA/result/261009+flickr25k_setting1_td3_PmemSSp1_s42+bs+64+e+60+proj_lr+0.001
/home/yschoi/gdna_textdiag/result/261009+flickr25k_setting1_td3_PmemSSp1_s43+bs+64+e+60+proj_lr+0.001	/home/yschoi/GroundedDNA/result/261009+flickr25k_setting1_td3_PmemSSp1_s43+bs+64+e+60+proj_lr+0.001
/home/yschoi/gdna_textdiag/result/261009+flickr25k_setting1_td3_PmemSSp1_s44+bs+64+e+60+proj_lr+0.001	/home/yschoi/GroundedDNA/result/261009+flickr25k_setting1_td3_PmemSSp1_s44+bs+64+e+60+proj_lr+0.001
